IP地址,端口,回源端口,TLS,数据中心,地区,城市,TCP延迟(ms),速度(MB/s)
154.3.36.44,24020,24020,TRUE,HKG,Asia Pacific,Hong Kong,50,100
193.110.202.102,50000,50000,TRUE,HKG,Asia Pacific,Hong Kong,51,100
154.3.37.19,1521,1521,TRUE,HKG,Asia Pacific,Hong Kong,52,100
154.3.36.44,24019,24019,TRUE,HKG,Asia Pacific,Hong Kong,53,100
154.3.36.44,24002,24002,TRUE,HKG,Asia Pacific,Hong Kong,54,100
154.3.33.180,10005,10005,TRUE,HKG,Asia Pacific,Hong Kong,55,100
154.3.36.44,24015,24015,TRUE,HKG,Asia Pacific,Hong Kong,56,100
193.110.201.75,50101,50101,TRUE,HKG,Asia Pacific,Hong Kong,57,100
193.110.202.27,443,443,TRUE,HKG,Asia Pacific,Hong Kong,58,100
154.3.36.44,24006,24006,TRUE,HKG,Asia Pacific,Hong Kong,59,100
20.247.109.61,10022,10022,TRUE,HKG,Asia Pacific,Hong Kong,60,100
20.187.86.51,50101,50101,TRUE,HKG,Asia Pacific,Hong Kong,61,100
154.3.33.180,10004,10004,TRUE,HKG,Asia Pacific,Hong Kong,62,100
23.101.7.61,443,443,TRUE,HKG,Asia Pacific,Hong Kong,63,100
103.103.245.45,2097,2097,TRUE,HKG,Asia Pacific,Hong Kong,64,100
104.208.84.41,443,443,TRUE,HKG,Asia Pacific,Hong Kong,65,100
103.103.245.45,2087,2087,TRUE,HKG,Asia Pacific,Hong Kong,66,100
20.247.109.61,10012,10012,TRUE,HKG,Asia Pacific,Hong Kong,67,100
154.3.36.44,24011,24011,TRUE,HKG,Asia Pacific,Hong Kong,68,100
157.119.103.72,1521,1521,TRUE,HKG,Asia Pacific,Hong Kong,69,100
154.88.25.161,10999,10999,TRUE,HKG,Asia Pacific,Hong Kong,70,100
34.92.150.186,49834,49834,TRUE,HKG,Asia Pacific,Hong Kong,71,100
149.62.47.96,27003,27003,TRUE,HKG,Asia Pacific,Hong Kong,72,100
154.3.36.44,24007,24007,TRUE,HKG,Asia Pacific,Hong Kong,73,100
103.234.53.2,9003,9003,TRUE,HKG,Asia Pacific,Hong Kong,74,100
35.220.210.63,443,443,TRUE,HKG,Asia Pacific,Hong Kong,75,100
154.3.36.44,24014,24014,TRUE,HKG,Asia Pacific,Hong Kong,76,100
45.78.31.60,443,443,TRUE,HKG,Asia Pacific,Hong Kong,77,100
34.96.149.151,1001,1001,TRUE,HKG,Asia Pacific,Hong Kong,78,100
35.220.219.81,8443,8443,TRUE,HKG,Asia Pacific,Hong Kong,79,100
34.92.194.161,11443,11443,TRUE,HKG,Asia Pacific,Hong Kong,80,100
154.206.239.250,34237,34237,TRUE,HKG,Asia Pacific,Hong Kong,81,100
154.3.33.180,10003,10003,TRUE,HKG,Asia Pacific,Hong Kong,82,100
154.206.239.244,34237,34237,TRUE,HKG,Asia Pacific,Hong Kong,83,100
20.187.95.4,16981,16981,TRUE,HKG,Asia Pacific,Hong Kong,84,100
154.206.239.251,34237,34237,TRUE,HKG,Asia Pacific,Hong Kong,85,100
34.96.187.61,443,443,TRUE,HKG,Asia Pacific,Hong Kong,86,100
45.78.21.169,80,80,TRUE,HKG,Asia Pacific,Hong Kong,87,100
34.150.108.37,443,443,TRUE,HKG,Asia Pacific,Hong Kong,88,100
154.3.35.218,46741,46741,TRUE,HKG,Asia Pacific,Hong Kong,89,100
13.72.195.16,10443,10443,TRUE,HKG,Asia Pacific,Hong Kong,90,100
154.206.239.252,34237,34237,TRUE,HKG,Asia Pacific,Hong Kong,91,100
154.206.239.234,34237,34237,TRUE,HKG,Asia Pacific,Hong Kong,92,100
154.3.33.180,10001,10001,TRUE,HKG,Asia Pacific,Hong Kong,93,100
34.96.246.57,8443,8443,TRUE,HKG,Asia Pacific,Hong Kong,94,100
154.206.239.236,34237,34237,TRUE,HKG,Asia Pacific,Hong Kong,95,100
103.20.222.89,20081,20081,TRUE,HKG,Asia Pacific,Hong Kong,96,100
154.3.36.44,24010,24010,TRUE,HKG,Asia Pacific,Hong Kong,97,100
34.96.246.57,443,443,TRUE,HKG,Asia Pacific,Hong Kong,98,100
119.28.93.6,20026,20026,TRUE,HKG,Asia Pacific,Hong Kong,99,100
154.206.239.240,34237,34237,TRUE,HKG,Asia Pacific,Hong Kong,100,100
43.132.244.52,21415,21415,TRUE,HKG,Asia Pacific,Hong Kong,101,100
20.189.114.189,443,443,TRUE,HKG,Asia Pacific,Hong Kong,102,100
154.3.33.39,1520,1520,TRUE,HKG,Asia Pacific,Hong Kong,103,100
209.146.125.53,8443,8443,TRUE,HKG,Asia Pacific,Hong Kong,104,100
43.154.40.66,12525,12525,TRUE,HKG,Asia Pacific,Hong Kong,105,100
119.28.64.48,20015,20015,TRUE,HKG,Asia Pacific,Hong Kong,106,100
119.28.93.6,20031,20031,TRUE,HKG,Asia Pacific,Hong Kong,107,100
101.32.192.81,10443,10443,TRUE,HKG,Asia Pacific,Hong Kong,108,100
43.154.199.165,443,443,TRUE,HKG,Asia Pacific,Hong Kong,109,100
150.109.146.182,10443,10443,TRUE,HKG,Asia Pacific,Hong Kong,110,100
152.32.190.239,4431,4431,TRUE,HKG,Asia Pacific,Hong Kong,111,100
43.154.40.66,12134,12134,TRUE,HKG,Asia Pacific,Hong Kong,112,100
43.129.28.50,51294,51294,TRUE,HKG,Asia Pacific,Hong Kong,113,100
43.129.188.240,443,443,TRUE,HKG,Asia Pacific,Hong Kong,114,100
43.154.209.116,443,443,TRUE,HKG,Asia Pacific,Hong Kong,115,100
43.155.84.76,55527,55527,TRUE,HKG,Asia Pacific,Hong Kong,116,100
43.154.34.74,1935,1935,TRUE,HKG,Asia Pacific,Hong Kong,117,100
34.96.246.57,2087,2087,TRUE,HKG,Asia Pacific,Hong Kong,118,100
38.47.102.221,8443,8443,TRUE,HKG,Asia Pacific,Hong Kong,119,100
43.155.117.16,2443,2443,TRUE,HKG,Asia Pacific,Hong Kong,120,100
149.62.47.96,27002,27002,TRUE,HKG,Asia Pacific,Hong Kong,121,100
16.162.37.123,443,443,TRUE,HKG,Asia Pacific,Hong Kong,122,100
18.167.208.181,443,443,TRUE,HKG,Asia Pacific,Hong Kong,123,100
43.198.10.72,10002,10002,TRUE,HKG,Asia Pacific,Hong Kong,124,100
107.151.248.210,443,443,TRUE,HKG,Asia Pacific,Hong Kong,125,100
43.198.154.18,443,443,TRUE,HKG,Asia Pacific,Hong Kong,126,100
16.162.56.233,443,443,TRUE,HKG,Asia Pacific,Hong Kong,127,100
149.62.47.96,27001,27001,TRUE,HKG,Asia Pacific,Hong Kong,128,100
152.32.130.150,802,802,TRUE,HKG,Asia Pacific,Hong Kong,129,100
18.163.233.64,443,443,TRUE,HKG,Asia Pacific,Hong Kong,130,100
18.166.219.97,443,443,TRUE,HKG,Asia Pacific,Hong Kong,131,100
45.78.23.3,443,443,TRUE,HKG,Asia Pacific,Hong Kong,132,100
34.96.246.57,2096,2096,TRUE,HKG,Asia Pacific,Hong Kong,133,100
154.206.239.246,34237,34237,TRUE,HKG,Asia Pacific,Hong Kong,134,100
154.206.239.237,34237,34237,TRUE,HKG,Asia Pacific,Hong Kong,135,100
8.210.252.139,34237,34237,TRUE,HKG,Asia Pacific,Hong Kong,136,100
152.32.130.150,806,806,TRUE,HKG,Asia Pacific,Hong Kong,137,100
38.47.102.105,8888,8888,TRUE,HKG,Asia Pacific,Hong Kong,138,100
43.198.131.99,443,443,TRUE,HKG,Asia Pacific,Hong Kong,139,100
45.152.65.221,58275,58275,TRUE,HKG,Asia Pacific,Hong Kong,140,100
45.131.133.168,50013,50013,TRUE,HKG,Asia Pacific,Hong Kong,141,100
154.206.239.238,34237,34237,TRUE,HKG,Asia Pacific,Hong Kong,142,100
16.163.18.210,443,443,TRUE,HKG,Asia Pacific,Hong Kong,143,100
18.162.40.255,443,443,TRUE,HKG,Asia Pacific,Hong Kong,144,100
16.162.152.191,443,443,TRUE,HKG,Asia Pacific,Hong Kong,145,100
152.32.188.17,443,443,TRUE,HKG,Asia Pacific,Hong Kong,146,100
18.163.46.194,2053,2053,TRUE,HKG,Asia Pacific,Hong Kong,147,100
47.75.101.0,3443,3443,TRUE,HKG,Asia Pacific,Hong Kong,148,100
5.253.16.11,10004,10004,TRUE,HKG,Asia Pacific,Hong Kong,149,100
47.243.227.209,62001,62001,TRUE,HKG,Asia Pacific,Hong Kong,150,100
18.166.213.206,443,443,TRUE,HKG,Asia Pacific,Hong Kong,151,100
47.243.190.108,34237,34237,TRUE,HKG,Asia Pacific,Hong Kong,152,100
38.47.101.223,8443,8443,TRUE,HKG,Asia Pacific,Hong Kong,153,100
43.198.53.11,443,443,TRUE,HKG,Asia Pacific,Hong Kong,154,100
43.155.89.93,55527,55527,TRUE,HKG,Asia Pacific,Hong Kong,155,100
45.249.244.79,443,443,TRUE,HKG,Asia Pacific,Hong Kong,156,100
18.162.120.247,9001,9001,TRUE,HKG,Asia Pacific,Hong Kong,157,100
47.240.37.64,20017,20017,TRUE,HKG,Asia Pacific,Hong Kong,158,100
43.154.121.134,9888,9888,TRUE,HKG,Asia Pacific,Hong Kong,159,100
43.154.196.20,65431,65431,TRUE,HKG,Asia Pacific,Hong Kong,160,100
43.154.196.20,65432,65432,TRUE,HKG,Asia Pacific,Hong Kong,161,100
154.206.239.239,34237,34237,TRUE,HKG,Asia Pacific,Hong Kong,162,100
37.123.198.116,54544,54544,TRUE,HKG,Asia Pacific,Hong Kong,163,100
154.3.36.44,24005,24005,TRUE,HKG,Asia Pacific,Hong Kong,164,100
149.104.15.23,54188,54188,TRUE,HKG,Asia Pacific,Hong Kong,165,100
8.217.84.78,443,443,TRUE,HKG,Asia Pacific,Hong Kong,166,100
149.129.101.83,17385,17385,TRUE,HKG,Asia Pacific,Hong Kong,167,100
47.243.231.208,34237,34237,TRUE,HKG,Asia Pacific,Hong Kong,168,100
43.154.216.36,2096,2096,TRUE,HKG,Asia Pacific,Hong Kong,169,100
34.96.246.57,2083,2083,TRUE,HKG,Asia Pacific,Hong Kong,170,100
8.218.36.158,34237,34237,TRUE,HKG,Asia Pacific,Hong Kong,171,100
45.207.11.69,8899,8899,TRUE,HKG,Asia Pacific,Hong Kong,172,100
34.96.246.57,2053,2053,TRUE,HKG,Asia Pacific,Hong Kong,173,100
154.206.239.243,34237,34237,TRUE,HKG,Asia Pacific,Hong Kong,174,100
43.132.200.55,3389,3389,TRUE,HKG,Asia Pacific,Hong Kong,175,100
172.93.188.157,443,443,TRUE,HKG,Asia Pacific,Hong Kong,176,100
47.242.155.183,8443,8443,TRUE,HKG,Asia Pacific,Hong Kong,177,100
103.118.244.200,20001,20001,TRUE,HKG,Asia Pacific,Hong Kong,178,100
8.218.149.193,2087,2087,TRUE,HKG,Asia Pacific,Hong Kong,179,100
172.93.188.140,443,443,TRUE,HKG,Asia Pacific,Hong Kong,180,100
172.93.165.228,443,443,TRUE,HKG,Asia Pacific,Hong Kong,181,100
154.9.246.188,18859,18859,TRUE,HKG,Asia Pacific,Hong Kong,182,100
43.155.110.93,2096,2096,TRUE,HKG,Asia Pacific,Hong Kong,183,100
18.162.32.152,443,443,TRUE,HKG,Asia Pacific,Hong Kong,184,100
154.202.56.80,40005,40005,TRUE,HKG,Asia Pacific,Hong Kong,185,100
8.218.136.25,2083,2083,TRUE,HKG,Asia Pacific,Hong Kong,186,100
8.212.22.4,443,443,TRUE,HKG,Asia Pacific,Hong Kong,187,100
172.93.189.185,443,443,TRUE,HKG,Asia Pacific,Hong Kong,188,100
8.217.35.66,443,443,TRUE,HKG,Asia Pacific,Hong Kong,189,100
209.146.104.8,8443,8443,TRUE,HKG,Asia Pacific,Hong Kong,190,100
154.206.239.235,34237,34237,TRUE,HKG,Asia Pacific,Hong Kong,191,100
154.3.36.44,24017,24017,TRUE,HKG,Asia Pacific,Hong Kong,192,100
47.242.174.27,2096,2096,TRUE,HKG,Asia Pacific,Hong Kong,193,100
154.206.239.253,34237,34237,TRUE,HKG,Asia Pacific,Hong Kong,194,100
103.152.35.27,8444,8444,TRUE,HKG,Asia Pacific,Hong Kong,195,100
203.86.238.158,2443,2443,TRUE,HKG,Asia Pacific,Hong Kong,196,100
47.90.124.48,10443,10443,TRUE,HKG,Asia Pacific,Hong Kong,197,100
18.162.120.247,9002,9002,TRUE,HKG,Asia Pacific,Hong Kong,198,100
8.218.105.223,2087,2087,TRUE,HKG,Asia Pacific,Hong Kong,199,100
199.15.79.181,2096,2096,TRUE,HKG,Asia Pacific,Hong Kong,200,100
103.20.222.220,10130,10130,TRUE,HKG,Asia Pacific,Hong Kong,201,100
103.20.222.231,10001,10001,TRUE,HKG,Asia Pacific,Hong Kong,202,100
8.217.178.27,42560,42560,TRUE,HKG,Asia Pacific,Hong Kong,203,100
154.206.239.245,34237,34237,TRUE,HKG,Asia Pacific,Hong Kong,204,100
8.218.3.12,443,443,TRUE,HKG,Asia Pacific,Hong Kong,205,100
210.3.159.163,8080,8080,TRUE,HKG,Asia Pacific,Hong Kong,206,100
61.92.171.170,24201,24201,TRUE,HKG,Asia Pacific,Hong Kong,207,100
8.218.165.77,9811,9811,TRUE,HKG,Asia Pacific,Hong Kong,208,100
103.20.222.22,10130,10130,TRUE,HKG,Asia Pacific,Hong Kong,209,100
47.242.141.98,55527,55527,TRUE,HKG,Asia Pacific,Hong Kong,210,100
154.206.239.247,34237,34237,TRUE,HKG,Asia Pacific,Hong Kong,211,100
103.118.244.200,28076,28076,TRUE,HKG,Asia Pacific,Hong Kong,212,100
154.206.239.249,34237,34237,TRUE,HKG,Asia Pacific,Hong Kong,213,100
47.242.174.27,443,443,TRUE,HKG,Asia Pacific,Hong Kong,214,100
38.47.101.131,2096,2096,TRUE,HKG,Asia Pacific,Hong Kong,215,100
47.243.135.179,55308,55308,TRUE,HKG,Asia Pacific,Hong Kong,216,100
47.243.70.197,2087,2087,TRUE,HKG,Asia Pacific,Hong Kong,217,100
47.243.26.116,53903,53903,TRUE,HKG,Asia Pacific,Hong Kong,218,100
8.218.41.188,55513,55513,TRUE,HKG,Asia Pacific,Hong Kong,219,100
154.9.246.28,2096,2096,TRUE,HKG,Asia Pacific,Hong Kong,220,100
154.206.239.241,34237,34237,TRUE,HKG,Asia Pacific,Hong Kong,221,100
154.206.239.248,34237,34237,TRUE,HKG,Asia Pacific,Hong Kong,222,100
47.243.162.49,2053,2053,TRUE,HKG,Asia Pacific,Hong Kong,223,100
61.92.171.170,10681,10681,TRUE,HKG,Asia Pacific,Hong Kong,224,100
8.218.181.189,2053,2053,TRUE,HKG,Asia Pacific,Hong Kong,225,100
47.242.71.20,30006,30006,TRUE,HKG,Asia Pacific,Hong Kong,226,100
47.57.233.126,443,443,TRUE,HKG,Asia Pacific,Hong Kong,227,100
8.218.3.12,2083,2083,TRUE,HKG,Asia Pacific,Hong Kong,228,100
47.243.254.148,34237,34237,TRUE,HKG,Asia Pacific,Hong Kong,229,100
149.129.94.206,34237,34237,TRUE,HKG,Asia Pacific,Hong Kong,230,100
8.210.149.16,34237,34237,TRUE,HKG,Asia Pacific,Hong Kong,231,100
16.162.10.198,443,443,TRUE,HKG,Asia Pacific,Hong Kong,232,100
119.236.33.169,34237,34237,TRUE,HKG,Asia Pacific,Hong Kong,233,100
8.218.110.180,8443,8443,TRUE,HKG,Asia Pacific,Hong Kong,234,100
178.253.53.8,54238,54238,TRUE,HKG,Asia Pacific,Hong Kong,235,100
8.218.42.158,34237,34237,TRUE,HKG,Asia Pacific,Hong Kong,236,100
47.243.62.196,7443,7443,TRUE,HKG,Asia Pacific,Hong Kong,237,100
149.129.94.206,56830,56830,TRUE,HKG,Asia Pacific,Hong Kong,238,100
8.218.42.123,34237,34237,TRUE,HKG,Asia Pacific,Hong Kong,239,100
8.218.110.180,2096,2096,TRUE,HKG,Asia Pacific,Hong Kong,240,100
47.242.149.43,13380,13380,TRUE,HKG,Asia Pacific,Hong Kong,241,100
8.210.151.69,2083,2083,TRUE,HKG,Asia Pacific,Hong Kong,242,100
8.218.105.223,2083,2083,TRUE,HKG,Asia Pacific,Hong Kong,243,100
47.244.255.95,8449,8449,TRUE,HKG,Asia Pacific,Hong Kong,244,100
61.92.171.170,11007,11007,TRUE,HKG,Asia Pacific,Hong Kong,245,100
8.218.34.228,34237,34237,TRUE,HKG,Asia Pacific,Hong Kong,246,100
8.218.3.12,2096,2096,TRUE,HKG,Asia Pacific,Hong Kong,247,100
8.210.174.127,35979,35979,TRUE,HKG,Asia Pacific,Hong Kong,248,100
47.243.162.49,8443,8443,TRUE,HKG,Asia Pacific,Hong Kong,249,100
154.206.239.242,34237,34237,TRUE,HKG,Asia Pacific,Hong Kong,250,100
8.218.105.223,8443,8443,TRUE,HKG,Asia Pacific,Hong Kong,251,100
103.155.90.238,8589,8589,TRUE,HKG,Asia Pacific,Hong Kong,252,100
47.243.26.116,53901,53901,TRUE,HKG,Asia Pacific,Hong Kong,253,100
61.239.212.21,8443,8443,TRUE,HKG,Asia Pacific,Hong Kong,254,100
5.253.16.11,10006,10006,TRUE,HKG,Asia Pacific,Hong Kong,255,100
8.210.151.69,2053,2053,TRUE,HKG,Asia Pacific,Hong Kong,256,100
103.200.112.108,443,443,TRUE,HKG,Asia Pacific,Hong Kong,257,100
8.212.46.146,443,443,TRUE,HKG,Asia Pacific,Hong Kong,258,100
8.218.149.193,443,443,TRUE,HKG,Asia Pacific,Hong Kong,259,100
8.218.136.25,2053,2053,TRUE,HKG,Asia Pacific,Hong Kong,260,100
47.242.207.216,446,446,TRUE,HKG,Asia Pacific,Hong Kong,261,100
47.242.174.27,8443,8443,TRUE,HKG,Asia Pacific,Hong Kong,262,100
47.242.124.140,6666,6666,TRUE,HKG,Asia Pacific,Hong Kong,263,100
8.218.156.91,2087,2087,TRUE,HKG,Asia Pacific,Hong Kong,264,100
8.218.156.91,443,443,TRUE,HKG,Asia Pacific,Hong Kong,265,100
47.243.186.242,34237,34237,TRUE,HKG,Asia Pacific,Hong Kong,266,100
47.243.87.218,1234,1234,TRUE,HKG,Asia Pacific,Hong Kong,267,100
8.218.3.12,8443,8443,TRUE,HKG,Asia Pacific,Hong Kong,268,100
8.218.142.253,2096,2096,TRUE,HKG,Asia Pacific,Hong Kong,269,100
8.218.3.12,2053,2053,TRUE,HKG,Asia Pacific,Hong Kong,270,100
5.253.16.149,9529,9529,TRUE,HKG,Asia Pacific,Hong Kong,271,100
207.226.152.42,443,443,TRUE,HKG,Asia Pacific,Hong Kong,272,100
212.192.15.228,106,106,TRUE,HKG,Asia Pacific,Hong Kong,273,100
212.192.15.228,101,101,TRUE,HKG,Asia Pacific,Hong Kong,274,100
119.13.90.201,443,443,TRUE,HKG,Asia Pacific,Hong Kong,275,100
43.225.100.50,2099,2099,TRUE,HKG,Asia Pacific,Hong Kong,276,100
8.218.181.189,2096,2096,TRUE,HKG,Asia Pacific,Hong Kong,277,100
8.218.105.223,2053,2053,TRUE,HKG,Asia Pacific,Hong Kong,278,100
43.225.100.50,2087,2087,TRUE,HKG,Asia Pacific,Hong Kong,279,100
47.243.86.79,8443,8443,TRUE,HKG,Asia Pacific,Hong Kong,280,100
119.13.90.201,80,80,TRUE,HKG,Asia Pacific,Hong Kong,281,100
8.218.136.25,443,443,TRUE,HKG,Asia Pacific,Hong Kong,282,100
221.124.49.233,10002,10002,TRUE,HKG,Asia Pacific,Hong Kong,283,100
8.218.149.193,8443,8443,TRUE,HKG,Asia Pacific,Hong Kong,284,100
47.242.155.183,2053,2053,TRUE,HKG,Asia Pacific,Hong Kong,285,100
212.192.15.228,102,102,TRUE,HKG,Asia Pacific,Hong Kong,286,100
8.210.250.120,2096,2096,TRUE,HKG,Asia Pacific,Hong Kong,287,100
8.218.142.253,2053,2053,TRUE,HKG,Asia Pacific,Hong Kong,288,100
8.218.149.193,2096,2096,TRUE,HKG,Asia Pacific,Hong Kong,289,100
8.217.147.230,2087,2087,TRUE,HKG,Asia Pacific,Hong Kong,290,100
221.124.49.233,10003,10003,TRUE,HKG,Asia Pacific,Hong Kong,291,100
8.210.151.69,2096,2096,TRUE,HKG,Asia Pacific,Hong Kong,292,100
43.225.100.50,2098,2098,TRUE,HKG,Asia Pacific,Hong Kong,293,100
212.192.15.228,105,105,TRUE,HKG,Asia Pacific,Hong Kong,294,100
8.218.181.189,8443,8443,TRUE,HKG,Asia Pacific,Hong Kong,295,100
223.18.209.250,8444,8444,TRUE,HKG,Asia Pacific,Hong Kong,296,100
45.136.15.184,15000,15000,TRUE,HKG,Asia Pacific,Hong Kong,297,100
8.218.149.193,2083,2083,TRUE,HKG,Asia Pacific,Hong Kong,298,100
43.225.100.50,2097,2097,TRUE,HKG,Asia Pacific,Hong Kong,299,100
154.9.246.225,2096,2096,TRUE,HKG,Asia Pacific,Hong Kong,300,100
8.218.142.253,2083,2083,TRUE,HKG,Asia Pacific,Hong Kong,301,100
43.225.100.50,2096,2096,TRUE,HKG,Asia Pacific,Hong Kong,302,100
212.192.15.228,104,104,TRUE,HKG,Asia Pacific,Hong Kong,303,100
118.26.38.134,443,443,TRUE,HKG,Asia Pacific,Hong Kong,304,100
61.239.212.21,443,443,TRUE,HKG,Asia Pacific,Hong Kong,305,100
8.218.105.223,2096,2096,TRUE,HKG,Asia Pacific,Hong Kong,306,100
8.210.250.120,8443,8443,TRUE,HKG,Asia Pacific,Hong Kong,307,100
8.218.119.115,2096,2096,TRUE,HKG,Asia Pacific,Hong Kong,308,100
47.242.155.183,2087,2087,TRUE,HKG,Asia Pacific,Hong Kong,309,100
154.9.246.239,2096,2096,TRUE,HKG,Asia Pacific,Hong Kong,310,100
38.147.174.195,10004,10004,TRUE,HKG,Asia Pacific,Hong Kong,311,100
47.57.245.232,443,443,TRUE,HKG,Asia Pacific,Hong Kong,312,100
47.89.39.186,39251,39251,TRUE,HKG,Asia Pacific,Hong Kong,313,100
8.218.142.253,2087,2087,TRUE,HKG,Asia Pacific,Hong Kong,314,100
47.242.174.27,2083,2083,TRUE,HKG,Asia Pacific,Hong Kong,315,100
8.218.143.10,2087,2087,TRUE,HKG,Asia Pacific,Hong Kong,316,100
8.212.43.8,443,443,TRUE,HKG,Asia Pacific,Hong Kong,317,100
212.192.15.228,103,103,TRUE,HKG,Asia Pacific,Hong Kong,318,100
47.243.161.235,443,443,TRUE,HKG,Asia Pacific,Hong Kong,319,100
58.152.161.76,4434,4434,TRUE,HKG,Asia Pacific,Hong Kong,320,100
8.218.143.10,2096,2096,TRUE,HKG,Asia Pacific,Hong Kong,321,100
8.218.142.253,8443,8443,TRUE,HKG,Asia Pacific,Hong Kong,322,100
47.242.65.228,34237,34237,TRUE,HKG,Asia Pacific,Hong Kong,323,100
8.210.250.120,2083,2083,TRUE,HKG,Asia Pacific,Hong Kong,324,100
8.218.136.25,2096,2096,TRUE,HKG,Asia Pacific,Hong Kong,325,100
8.218.181.189,2087,2087,TRUE,HKG,Asia Pacific,Hong Kong,326,100
8.218.156.91,2096,2096,TRUE,HKG,Asia Pacific,Hong Kong,327,100
47.242.187.200,34237,34237,TRUE,HKG,Asia Pacific,Hong Kong,328,100
223.18.133.21,18985,18985,TRUE,HKG,Asia Pacific,Hong Kong,329,100
47.243.86.79,2096,2096,TRUE,HKG,Asia Pacific,Hong Kong,330,100
47.243.93.216,2508,2508,TRUE,HKG,Asia Pacific,Hong Kong,331,100
8.218.149.193,2053,2053,TRUE,HKG,Asia Pacific,Hong Kong,332,100
8.218.3.12,2087,2087,TRUE,HKG,Asia Pacific,Hong Kong,333,100
47.243.162.49,2087,2087,TRUE,HKG,Asia Pacific,Hong Kong,334,100
8.218.119.115,443,443,TRUE,HKG,Asia Pacific,Hong Kong,335,100
43.249.83.151,34237,34237,TRUE,HKG,Asia Pacific,Hong Kong,336,100
8.218.136.25,8443,8443,TRUE,HKG,Asia Pacific,Hong Kong,337,100
47.242.155.183,2096,2096,TRUE,HKG,Asia Pacific,Hong Kong,338,100
8.210.55.134,2083,2083,TRUE,HKG,Asia Pacific,Hong Kong,339,100
47.243.81.85,25487,25487,TRUE,HKG,Asia Pacific,Hong Kong,340,100
47.242.174.27,2087,2087,TRUE,HKG,Asia Pacific,Hong Kong,341,100
8.210.55.134,8443,8443,TRUE,HKG,Asia Pacific,Hong Kong,342,100
47.242.174.27,2053,2053,TRUE,HKG,Asia Pacific,Hong Kong,343,100
8.218.143.10,2053,2053,TRUE,HKG,Asia Pacific,Hong Kong,344,100
47.243.70.197,2053,2053,TRUE,HKG,Asia Pacific,Hong Kong,345,100
8.210.117.18,2083,2083,TRUE,HKG,Asia Pacific,Hong Kong,346,100
8.210.117.18,443,443,TRUE,HKG,Asia Pacific,Hong Kong,347,100
47.243.161.235,2096,2096,TRUE,HKG,Asia Pacific,Hong Kong,348,100
8.210.250.120,2087,2087,TRUE,HKG,Asia Pacific,Hong Kong,349,100
47.243.70.197,443,443,TRUE,HKG,Asia Pacific,Hong Kong,350,100
123.58.212.234,443,443,TRUE,HKG,Asia Pacific,Hong Kong,351,100
8.210.151.69,2087,2087,TRUE,HKG,Asia Pacific,Hong Kong,352,100
8.210.55.134,2096,2096,TRUE,HKG,Asia Pacific,Hong Kong,353,100
8.210.55.134,2087,2087,TRUE,HKG,Asia Pacific,Hong Kong,354,100
8.218.119.115,2053,2053,TRUE,HKG,Asia Pacific,Hong Kong,355,100
8.218.127.249,2083,2083,TRUE,HKG,Asia Pacific,Hong Kong,356,100
8.210.117.18,2087,2087,TRUE,HKG,Asia Pacific,Hong Kong,357,100
47.243.179.249,2087,2087,TRUE,HKG,Asia Pacific,Hong Kong,358,100
8.210.55.134,2053,2053,TRUE,HKG,Asia Pacific,Hong Kong,359,100
8.210.117.18,2096,2096,TRUE,HKG,Asia Pacific,Hong Kong,360,100
223.19.183.245,22100,22100,TRUE,HKG,Asia Pacific,Hong Kong,361,100
45.136.15.230,52077,52077,TRUE,HKG,Asia Pacific,Hong Kong,362,100
47.243.179.249,2053,2053,TRUE,HKG,Asia Pacific,Hong Kong,363,100
8.210.151.69,8443,8443,TRUE,HKG,Asia Pacific,Hong Kong,364,100
8.218.143.10,8443,8443,TRUE,HKG,Asia Pacific,Hong Kong,365,100
8.210.117.18,2053,2053,TRUE,HKG,Asia Pacific,Hong Kong,366,100
47.243.161.235,2053,2053,TRUE,HKG,Asia Pacific,Hong Kong,367,100
47.243.161.235,2087,2087,TRUE,HKG,Asia Pacific,Hong Kong,368,100
221.127.82.87,13673,13673,TRUE,HKG,Asia Pacific,Hong Kong,369,100
47.243.161.235,8443,8443,TRUE,HKG,Asia Pacific,Hong Kong,370,100
47.57.14.118,443,443,TRUE,HKG,Asia Pacific,Hong Kong,371,100
47.242.155.183,2083,2083,TRUE,HKG,Asia Pacific,Hong Kong,372,100
47.243.26.116,53902,53902,TRUE,HKG,Asia Pacific,Hong Kong,373,100
8.218.181.189,2083,2083,TRUE,HKG,Asia Pacific,Hong Kong,374,100
47.243.70.197,2083,2083,TRUE,HKG,Asia Pacific,Hong Kong,375,100
47.243.86.79,2083,2083,TRUE,HKG,Asia Pacific,Hong Kong,376,100
8.218.156.91,2083,2083,TRUE,HKG,Asia Pacific,Hong Kong,377,100
221.127.15.96,20110,20110,TRUE,HKG,Asia Pacific,Hong Kong,378,100
8.210.220.196,51888,51888,TRUE,HKG,Asia Pacific,Hong Kong,379,100
8.218.119.115,2083,2083,TRUE,HKG,Asia Pacific,Hong Kong,380,100
223.18.133.21,17864,17864,TRUE,HKG,Asia Pacific,Hong Kong,381,100
47.243.162.49,2083,2083,TRUE,HKG,Asia Pacific,Hong Kong,382,100
221.124.86.28,13742,13742,TRUE,HKG,Asia Pacific,Hong Kong,383,100
47.243.179.249,8443,8443,TRUE,HKG,Asia Pacific,Hong Kong,384,100
47.243.86.79,2087,2087,TRUE,HKG,Asia Pacific,Hong Kong,385,100
221.127.56.170,35149,35149,TRUE,HKG,Asia Pacific,Hong Kong,386,100
8.218.143.10,2083,2083,TRUE,HKG,Asia Pacific,Hong Kong,387,100
8.217.147.230,2053,2053,TRUE,HKG,Asia Pacific,Hong Kong,388,100
47.243.179.249,2083,2083,TRUE,HKG,Asia Pacific,Hong Kong,389,100
47.243.70.197,2096,2096,TRUE,HKG,Asia Pacific,Hong Kong,390,100
8.218.119.115,2087,2087,TRUE,HKG,Asia Pacific,Hong Kong,391,100
221.127.15.96,24359,24359,TRUE,HKG,Asia Pacific,Hong Kong,392,100
8.210.10.159,34237,34237,TRUE,HKG,Asia Pacific,Hong Kong,393,100
47.243.86.79,2053,2053,TRUE,HKG,Asia Pacific,Hong Kong,394,100
221.127.15.96,26060,26060,TRUE,HKG,Asia Pacific,Hong Kong,395,100
103.118.244.200,29076,29076,TRUE,HKG,Asia Pacific,Hong Kong,396,100
8.218.127.249,8443,8443,TRUE,HKG,Asia Pacific,Hong Kong,397,100
8.210.117.18,8443,8443,TRUE,HKG,Asia Pacific,Hong Kong,398,100
8.217.147.230,2083,2083,TRUE,HKG,Asia Pacific,Hong Kong,399,100
8.218.110.180,2087,2087,TRUE,HKG,Asia Pacific,Hong Kong,400,100
47.243.179.249,2096,2096,TRUE,HKG,Asia Pacific,Hong Kong,401,100
8.210.250.120,2053,2053,TRUE,HKG,Asia Pacific,Hong Kong,402,100
8.217.147.230,2096,2096,TRUE,HKG,Asia Pacific,Hong Kong,403,100
8.218.156.91,2053,2053,TRUE,HKG,Asia Pacific,Hong Kong,404,100
8.218.127.249,2096,2096,TRUE,HKG,Asia Pacific,Hong Kong,405,100
221.127.15.96,25146,25146,TRUE,HKG,Asia Pacific,Hong Kong,406,100
8.218.110.180,2083,2083,TRUE,HKG,Asia Pacific,Hong Kong,407,100
47.243.162.49,2096,2096,TRUE,HKG,Asia Pacific,Hong Kong,408,100
8.218.127.249,2053,2053,TRUE,HKG,Asia Pacific,Hong Kong,409,100
8.218.110.180,2053,2053,TRUE,HKG,Asia Pacific,Hong Kong,410,100
8.218.156.91,8443,8443,TRUE,HKG,Asia Pacific,Hong Kong,411,100
47.243.179.249,443,443,TRUE,HKG,Asia Pacific,Hong Kong,412,100
8.218.127.249,2087,2087,TRUE,HKG,Asia Pacific,Hong Kong,413,100
202.81.237.150,9999,9999,TRUE,HKG,Asia Pacific,Hong Kong,414,100
193.134.209.249,443,443,TRUE,HKG,Asia Pacific,Hong Kong,415,100
47.243.161.235,2083,2083,TRUE,HKG,Asia Pacific,Hong Kong,416,100
38.147.174.195,10005,10005,TRUE,HKG,Asia Pacific,Hong Kong,417,100
8.218.119.115,8443,8443,TRUE,HKG,Asia Pacific,Hong Kong,418,100
103.146.230.213,443,443,TRUE,HKG,Asia Pacific,Hong Kong,419,100
221.127.15.96,25437,25437,TRUE,HKG,Asia Pacific,Hong Kong,420,100
149.62.46.2,6443,6443,TRUE,HKG,Asia Pacific,Hong Kong,421,100
103.103.245.45,2096,2096,TRUE,HKG,Asia Pacific,Hong Kong,422,100
8.218.136.25,2087,2087,TRUE,HKG,Asia Pacific,Hong Kong,423,100
103.138.74.89,56443,56443,TRUE,HKG,Asia Pacific,Hong Kong,424,100
38.47.123.118,4555,4555,TRUE,HKG,Asia Pacific,Hong Kong,425,100
221.124.202.168,17068,17068,TRUE,HKG,Asia Pacific,Hong Kong,426,100
123.202.13.174,443,443,TRUE,HKG,Asia Pacific,Hong Kong,427,100
161.81.76.135,10270,10270,TRUE,HKG,Asia Pacific,Hong Kong,428,100
206.237.23.251,443,443,TRUE,HKG,Asia Pacific,Hong Kong,429,100
1.36.250.1,18666,18666,TRUE,HKG,Asia Pacific,Hong Kong,430,100
221.127.15.96,16134,16134,TRUE,HKG,Asia Pacific,Hong Kong,431,100
8.217.147.230,8443,8443,TRUE,HKG,Asia Pacific,Hong Kong,432,100
47.57.137.42,443,443,TRUE,HKG,Asia Pacific,Hong Kong,433,100
47.243.70.197,8443,8443,TRUE,HKG,Asia Pacific,Hong Kong,434,100
42.3.8.158,10382,10382,TRUE,HKG,Asia Pacific,Hong Kong,435,100
154.3.36.44,24008,24008,TRUE,HKG,Asia Pacific,Hong Kong,436,100
223.16.251.244,31539,31539,TRUE,HKG,Asia Pacific,Hong Kong,437,100
203.196.9.87,7223,7223,TRUE,HKG,Asia Pacific,Hong Kong,438,100
47.243.93.216,2505,2505,TRUE,HKG,Asia Pacific,Hong Kong,439,100
103.103.245.45,2099,2099,TRUE,HKG,Asia Pacific,Hong Kong,440,100
42.3.8.158,11250,11250,TRUE,HKG,Asia Pacific,Hong Kong,441,100
103.103.245.45,2098,2098,TRUE,HKG,Asia Pacific,Hong Kong,442,100
221.127.15.96,15539,15539,TRUE,HKG,Asia Pacific,Hong Kong,443,100
61.238.103.106,12268,12268,TRUE,HKG,Asia Pacific,Hong Kong,444,100
47.56.144.190,443,443,TRUE,HKG,Asia Pacific,Hong Kong,445,100
45.145.228.82,19981,19981,TRUE,HKG,Asia Pacific,Hong Kong,446,100
103.251.89.56,1001,1001,TRUE,HKG,Asia Pacific,Hong Kong,447,100
223.16.251.244,23524,23524,TRUE,HKG,Asia Pacific,Hong Kong,448,100
178.253.53.156,10060,10060,TRUE,HKG,Asia Pacific,Hong Kong,449,100
161.81.167.12,39895,39895,TRUE,HKG,Asia Pacific,Hong Kong,450,100
61.238.103.106,12141,12141,TRUE,HKG,Asia Pacific,Hong Kong,451,100
206.237.16.171,10000,10000,TRUE,HKG,Asia Pacific,Hong Kong,452,100
161.81.145.163,31334,31334,TRUE,HKG,Asia Pacific,Hong Kong,453,100
206.237.22.42,34237,34237,TRUE,HKG,Asia Pacific,Hong Kong,454,100
38.47.106.137,20412,20412,TRUE,HKG,Asia Pacific,Hong Kong,455,100
47.75.122.158,443,443,TRUE,HKG,Asia Pacific,Hong Kong,456,100
38.47.103.159,2096,2096,TRUE,HKG,Asia Pacific,Hong Kong,457,100
203.124.12.70,12443,12443,TRUE,HKG,Asia Pacific,Hong Kong,458,100
113.255.46.174,12352,12352,TRUE,HKG,Asia Pacific,Hong Kong,459,100
194.29.187.200,9002,9002,TRUE,HKG,Asia Pacific,Hong Kong,460,100
194.29.187.200,8443,8443,TRUE,HKG,Asia Pacific,Hong Kong,461,100
154.41.216.166,10005,10005,TRUE,HKG,Asia Pacific,Hong Kong,462,100
194.29.187.200,9000,9000,TRUE,HKG,Asia Pacific,Hong Kong,463,100
154.41.216.166,10004,10004,TRUE,HKG,Asia Pacific,Hong Kong,464,100
103.73.67.54,234,234,TRUE,HKG,Asia Pacific,Hong Kong,465,100
216.250.97.197,8080,8080,TRUE,HKG,Asia Pacific,Hong Kong,466,100
154.41.216.166,10002,10002,TRUE,HKG,Asia Pacific,Hong Kong,467,100
154.41.216.166,10003,10003,TRUE,HKG,Asia Pacific,Hong Kong,468,100
202.81.231.150,443,443,TRUE,HKG,Asia Pacific,Hong Kong,469,100
154.41.216.166,10001,10001,TRUE,HKG,Asia Pacific,Hong Kong,470,100
118.193.34.158,10001,10001,TRUE,HKG,Asia Pacific,Hong Kong,471,100
45.126.124.112,8443,8443,TRUE,HKG,Asia Pacific,Hong Kong,472,100
38.181.76.119,11279,11279,TRUE,HKG,Asia Pacific,Hong Kong,473,100
89.185.31.18,30000,30000,TRUE,HKG,Asia Pacific,Hong Kong,474,100
45.126.124.112,2053,2053,TRUE,HKG,Asia Pacific,Hong Kong,475,100
103.180.28.239,48138,48138,TRUE,HKG,Asia Pacific,Hong Kong,476,100
191.96.242.161,55555,55555,TRUE,HKG,Asia Pacific,Hong Kong,477,100
38.150.14.168,6080,6080,TRUE,HKG,Asia Pacific,Hong Kong,478,100
38.207.142.184,10001,10001,TRUE,HKG,Asia Pacific,Hong Kong,479,100
152.32.211.127,443,443,TRUE,HKG,Asia Pacific,Hong Kong,480,100
152.32.130.241,443,443,TRUE,HKG,Asia Pacific,Hong Kong,481,100
152.32.239.228,443,443,TRUE,HKG,Asia Pacific,Hong Kong,482,100
212.59.90.90,443,443,TRUE,HKG,Asia Pacific,Hong Kong,483,100
221.124.86.28,25678,25678,TRUE,HKG,Asia Pacific,Hong Kong,484,100
45.8.186.153,22213,22213,TRUE,HKG,Asia Pacific,Hong Kong,485,100
91.229.132.21,2096,2096,TRUE,HKG,Asia Pacific,Hong Kong,486,100
167.179.32.53,443,443,TRUE,HKG,Asia Pacific,Hong Kong,487,100
38.47.107.28,2096,2096,TRUE,HKG,Asia Pacific,Hong Kong,488,100
27.0.232.24,443,443,TRUE,HKG,Asia Pacific,Hong Kong,489,100
112.213.120.5,28443,28443,TRUE,HKG,Asia Pacific,Hong Kong,490,100
117.18.13.19,34237,34237,TRUE,HKG,Asia Pacific,Hong Kong,491,100
20.247.109.61,10022,10022,TRUE,HKG,Asia Pacific,Hong Kong,492,100
45.78.20.185,443,443,TRUE,HKG,Asia Pacific,Hong Kong,493,100
112.213.105.238,443,443,TRUE,HKG,Asia Pacific,Hong Kong,494,100
20.187.89.16,443,443,TRUE,HKG,Asia Pacific,Hong Kong,495,100
112.213.105.223,443,443,TRUE,HKG,Asia Pacific,Hong Kong,496,100
112.213.105.229,443,443,TRUE,HKG,Asia Pacific,Hong Kong,497,100
38.55.98.175,443,443,TRUE,HKG,Asia Pacific,Hong Kong,498,100
199.15.76.35,442,442,TRUE,HKG,Asia Pacific,Hong Kong,499,100
172.93.188.157,443,443,TRUE,HKG,Asia Pacific,Hong Kong,500,100
172.93.189.185,443,443,TRUE,HKG,Asia Pacific,Hong Kong,501,100
20.189.115.48,50101,50101,TRUE,HKG,Asia Pacific,Hong Kong,502,100
38.59.254.164,443,443,TRUE,HKG,Asia Pacific,Hong Kong,503,100
112.213.120.5,2053,2053,TRUE,HKG,Asia Pacific,Hong Kong,504,100
94.103.5.169,10012,10012,TRUE,HKG,Asia Pacific,Hong Kong,505,100
20.239.13.174,443,443,TRUE,HKG,Asia Pacific,Hong Kong,506,100
94.103.5.169,10033,10033,TRUE,HKG,Asia Pacific,Hong Kong,507,100
43.132.244.52,21415,21415,TRUE,HKG,Asia Pacific,Hong Kong,508,100
156.59.125.36,443,443,TRUE,HKG,Asia Pacific,Hong Kong,509,100
43.154.74.39,443,443,TRUE,HKG,Asia Pacific,Hong Kong,510,100
94.103.5.169,10037,10037,TRUE,HKG,Asia Pacific,Hong Kong,511,100
43.154.199.165,443,443,TRUE,HKG,Asia Pacific,Hong Kong,512,100
94.103.5.169,20201,20201,TRUE,HKG,Asia Pacific,Hong Kong,513,100
119.28.68.216,34237,34237,TRUE,HKG,Asia Pacific,Hong Kong,514,100
101.32.192.81,10443,10443,TRUE,HKG,Asia Pacific,Hong Kong,515,100
34.92.1.149,8443,8443,TRUE,HKG,Asia Pacific,Hong Kong,516,100
43.155.73.52,20017,20017,TRUE,HKG,Asia Pacific,Hong Kong,517,100
43.129.180.211,888,888,TRUE,HKG,Asia Pacific,Hong Kong,518,100
43.155.73.52,20015,20015,TRUE,HKG,Asia Pacific,Hong Kong,519,100
43.154.34.74,1935,1935,TRUE,HKG,Asia Pacific,Hong Kong,520,100
43.129.181.19,34237,34237,TRUE,HKG,Asia Pacific,Hong Kong,521,100
43.132.200.55,3389,3389,TRUE,HKG,Asia Pacific,Hong Kong,522,100
35.220.231.233,34237,34237,TRUE,HKG,Asia Pacific,Hong Kong,523,100
34.150.64.87,443,443,TRUE,HKG,Asia Pacific,Hong Kong,524,100
43.154.163.154,443,443,TRUE,HKG,Asia Pacific,Hong Kong,525,100
43.155.108.203,34237,34237,TRUE,HKG,Asia Pacific,Hong Kong,526,100
34.92.23.184,443,443,TRUE,HKG,Asia Pacific,Hong Kong,527,100
34.92.168.6,465,465,TRUE,HKG,Asia Pacific,Hong Kong,528,100
23.247.138.9,8443,8443,TRUE,HKG,Asia Pacific,Hong Kong,529,100
35.220.252.148,10443,10443,TRUE,HKG,Asia Pacific,Hong Kong,530,100
199.15.76.42,442,442,TRUE,HKG,Asia Pacific,Hong Kong,531,100
47.243.87.218,1234,1234,TRUE,HKG,Asia Pacific,Hong Kong,532,100
43.128.42.122,34237,34237,TRUE,HKG,Asia Pacific,Hong Kong,533,100
8.210.55.134,2096,2096,TRUE,HKG,Asia Pacific,Hong Kong,534,100
45.78.24.237,443,443,TRUE,HKG,Asia Pacific,Hong Kong,535,100
199.15.76.45,442,442,TRUE,HKG,Asia Pacific,Hong Kong,536,100
154.41.216.166,10001,10001,TRUE,HKG,Asia Pacific,Hong Kong,537,100
20.247.109.61,10012,10012,TRUE,HKG,Asia Pacific,Hong Kong,538,100
216.250.97.197,8080,8080,TRUE,HKG,Asia Pacific,Hong Kong,539,100
34.92.104.219,443,443,TRUE,HKG,Asia Pacific,Hong Kong,540,100
103.73.67.54,234,234,TRUE,HKG,Asia Pacific,Hong Kong,541,100
43.198.131.99,443,443,TRUE,HKG,Asia Pacific,Hong Kong,542,100
43.154.121.134,9888,9888,TRUE,HKG,Asia Pacific,Hong Kong,543,100
154.41.216.166,10002,10002,TRUE,HKG,Asia Pacific,Hong Kong,544,100
154.206.239.251,34237,34237,TRUE,HKG,Asia Pacific,Hong Kong,545,100
47.243.70.197,443,443,TRUE,HKG,Asia Pacific,Hong Kong,546,100
199.15.76.34,442,442,TRUE,HKG,Asia Pacific,Hong Kong,547,100
43.198.52.15,443,443,TRUE,HKG,Asia Pacific,Hong Kong,548,100
47.75.101.0,3443,3443,TRUE,HKG,Asia Pacific,Hong Kong,549,100
209.146.104.99,443,443,TRUE,HKG,Asia Pacific,Hong Kong,550,100
8.218.136.25,443,443,TRUE,HKG,Asia Pacific,Hong Kong,551,100
199.15.76.35,443,443,TRUE,HKG,Asia Pacific,Hong Kong,552,100
210.3.159.163,443,443,TRUE,HKG,Asia Pacific,Hong Kong,553,100
47.90.124.48,10443,10443,TRUE,HKG,Asia Pacific,Hong Kong,554,100
103.118.42.106,10035,10035,TRUE,HKG,Asia Pacific,Hong Kong,555,100
45.78.32.170,443,443,TRUE,HKG,Asia Pacific,Hong Kong,556,100
199.15.76.39,442,442,TRUE,HKG,Asia Pacific,Hong Kong,557,100
43.132.246.51,34237,34237,TRUE,HKG,Asia Pacific,Hong Kong,558,100
47.242.155.183,2096,2096,TRUE,HKG,Asia Pacific,Hong Kong,559,100
199.15.76.37,442,442,TRUE,HKG,Asia Pacific,Hong Kong,560,100
103.118.40.26,443,443,TRUE,HKG,Asia Pacific,Hong Kong,561,100
199.15.76.44,442,442,TRUE,HKG,Asia Pacific,Hong Kong,562,100
2.58.64.44,50007,50007,TRUE,HKG,Asia Pacific,Hong Kong,563,100
8.210.64.199,34237,34237,TRUE,HKG,Asia Pacific,Hong Kong,564,100
8.218.3.12,2087,2087,TRUE,HKG,Asia Pacific,Hong Kong,565,100
8.218.51.223,9443,9443,TRUE,HKG,Asia Pacific,Hong Kong,566,100
193.134.209.139,443,443,TRUE,HKG,Asia Pacific,Hong Kong,567,100
118.26.38.134,443,443,TRUE,HKG,Asia Pacific,Hong Kong,568,100
8.218.236.40,6666,6666,TRUE,HKG,Asia Pacific,Hong Kong,569,100
8.210.151.69,2087,2087,TRUE,HKG,Asia Pacific,Hong Kong,570,100
2.58.65.189,443,443,TRUE,HKG,Asia Pacific,Hong Kong,571,100
47.242.155.183,2053,2053,TRUE,HKG,Asia Pacific,Hong Kong,572,100
47.240.37.64,20001,20001,TRUE,HKG,Asia Pacific,Hong Kong,573,100
94.103.5.169,10038,10038,TRUE,HKG,Asia Pacific,Hong Kong,574,100
8.218.156.91,2053,2053,TRUE,HKG,Asia Pacific,Hong Kong,575,100
119.8.108.85,6002,6002,TRUE,HKG,Asia Pacific,Hong Kong,576,100
45.40.59.195,443,443,TRUE,HKG,Asia Pacific,Hong Kong,577,100
8.218.105.223,2083,2083,TRUE,HKG,Asia Pacific,Hong Kong,578,100
8.218.142.253,2083,2083,TRUE,HKG,Asia Pacific,Hong Kong,579,100
47.243.162.49,2053,2053,TRUE,HKG,Asia Pacific,Hong Kong,580,100
94.103.5.169,10007,10007,TRUE,HKG,Asia Pacific,Hong Kong,581,100
94.103.5.169,10016,10016,TRUE,HKG,Asia Pacific,Hong Kong,582,100
45.78.32.93,8443,8443,TRUE,HKG,Asia Pacific,Hong Kong,583,100
94.103.5.169,20010,20010,TRUE,HKG,Asia Pacific,Hong Kong,584,100
8.218.181.189,2096,2096,TRUE,HKG,Asia Pacific,Hong Kong,585,100
94.103.5.169,10006,10006,TRUE,HKG,Asia Pacific,Hong Kong,586,100
94.103.5.169,10005,10005,TRUE,HKG,Asia Pacific,Hong Kong,587,100
43.154.209.116,443,443,TRUE,HKG,Asia Pacific,Hong Kong,588,100
8.210.250.120,2087,2087,TRUE,HKG,Asia Pacific,Hong Kong,589,100
152.32.130.150,806,806,TRUE,HKG,Asia Pacific,Hong Kong,590,100
8.217.147.230,2053,2053,TRUE,HKG,Asia Pacific,Hong Kong,591,100
103.145.107.122,34237,34237,TRUE,HKG,Asia Pacific,Hong Kong,592,100
207.226.152.42,443,443,TRUE,HKG,Asia Pacific,Hong Kong,593,100
94.103.5.169,10036,10036,TRUE,HKG,Asia Pacific,Hong Kong,594,100
8.218.3.12,2083,2083,TRUE,HKG,Asia Pacific,Hong Kong,595,100
94.103.5.169,10031,10031,TRUE,HKG,Asia Pacific,Hong Kong,596,100
2.58.64.44,50013,50013,TRUE,HKG,Asia Pacific,Hong Kong,597,100
89.185.28.81,443,443,TRUE,HKG,Asia Pacific,Hong Kong,598,100
38.150.14.85,2087,2087,TRUE,HKG,Asia Pacific,Hong Kong,599,100
47.240.15.210,4432,4432,TRUE,HKG,Asia Pacific,Hong Kong,600,100
8.218.149.193,2096,2096,TRUE,HKG,Asia Pacific,Hong Kong,601,100
8.210.250.120,2083,2083,TRUE,HKG,Asia Pacific,Hong Kong,602,100
8.218.127.249,2096,2096,TRUE,HKG,Asia Pacific,Hong Kong,603,100
8.218.136.25,2083,2083,TRUE,HKG,Asia Pacific,Hong Kong,604,100
203.86.238.158,2443,2443,TRUE,HKG,Asia Pacific,Hong Kong,605,100
103.152.35.27,8444,8444,TRUE,HKG,Asia Pacific,Hong Kong,606,100
43.129.181.135,34237,34237,TRUE,HKG,Asia Pacific,Hong Kong,607,100
8.218.142.253,2087,2087,TRUE,HKG,Asia Pacific,Hong Kong,608,100
38.150.14.85,443,443,TRUE,HKG,Asia Pacific,Hong Kong,609,100
38.47.102.105,8888,8888,TRUE,HKG,Asia Pacific,Hong Kong,610,100
47.242.155.183,2083,2083,TRUE,HKG,Asia Pacific,Hong Kong,611,100
38.150.14.85,8443,8443,TRUE,HKG,Asia Pacific,Hong Kong,612,100
152.32.188.17,443,443,TRUE,HKG,Asia Pacific,Hong Kong,613,100
47.243.161.235,2083,2083,TRUE,HKG,Asia Pacific,Hong Kong,614,100
47.52.106.12,443,443,TRUE,HKG,Asia Pacific,Hong Kong,615,100
47.240.123.85,20005,20005,TRUE,HKG,Asia Pacific,Hong Kong,616,100
43.154.196.20,65432,65432,TRUE,HKG,Asia Pacific,Hong Kong,617,100
154.3.37.212,443,443,TRUE,HKG,Asia Pacific,Hong Kong,618,100
154.39.65.72,34237,34237,TRUE,HKG,Asia Pacific,Hong Kong,619,100
45.207.11.69,8899,8899,TRUE,HKG,Asia Pacific,Hong Kong,620,100
45.207.11.123,443,443,TRUE,HKG,Asia Pacific,Hong Kong,621,100
47.243.93.216,2505,2505,TRUE,HKG,Asia Pacific,Hong Kong,622,100
47.243.70.197,2053,2053,TRUE,HKG,Asia Pacific,Hong Kong,623,100
123.58.212.234,443,443,TRUE,HKG,Asia Pacific,Hong Kong,624,100
43.155.118.124,12525,12525,TRUE,HKG,Asia Pacific,Hong Kong,625,100
47.242.207.216,446,446,TRUE,HKG,Asia Pacific,Hong Kong,626,100
118.193.34.158,10001,10001,TRUE,HKG,Asia Pacific,Hong Kong,627,100
47.243.162.49,8443,8443,TRUE,HKG,Asia Pacific,Hong Kong,628,100
152.32.130.150,802,802,TRUE,HKG,Asia Pacific,Hong Kong,629,100
8.218.156.91,2096,2096,TRUE,HKG,Asia Pacific,Hong Kong,630,100
27.122.13.6,443,443,TRUE,HKG,Asia Pacific,Hong Kong,631,100
89.185.31.18,30000,30000,TRUE,HKG,Asia Pacific,Hong Kong,632,100
8.210.151.69,8443,8443,TRUE,HKG,Asia Pacific,Hong Kong,633,100
8.210.117.18,2096,2096,TRUE,HKG,Asia Pacific,Hong Kong,634,100
47.240.15.210,4433,4433,TRUE,HKG,Asia Pacific,Hong Kong,635,100
8.212.42.222,1443,1443,TRUE,HKG,Asia Pacific,Hong Kong,636,100
8.212.49.96,443,443,TRUE,HKG,Asia Pacific,Hong Kong,637,100
8.217.147.230,2083,2083,TRUE,HKG,Asia Pacific,Hong Kong,638,100
216.118.228.117,443,443,TRUE,HKG,Asia Pacific,Hong Kong,639,100
8.218.3.12,443,443,TRUE,HKG,Asia Pacific,Hong Kong,640,100
8.218.127.249,2053,2053,TRUE,HKG,Asia Pacific,Hong Kong,641,100
103.155.90.238,8589,8589,TRUE,HKG,Asia Pacific,Hong Kong,642,100
8.217.35.66,443,443,TRUE,HKG,Asia Pacific,Hong Kong,643,100
8.212.43.8,443,443,TRUE,HKG,Asia Pacific,Hong Kong,644,100
47.242.198.143,443,443,TRUE,HKG,Asia Pacific,Hong Kong,645,100
47.242.236.154,2096,2096,TRUE,HKG,Asia Pacific,Hong Kong,646,100
8.218.156.91,8443,8443,TRUE,HKG,Asia Pacific,Hong Kong,647,100
47.242.174.27,443,443,TRUE,HKG,Asia Pacific,Hong Kong,648,100
47.243.86.79,2053,2053,TRUE,HKG,Asia Pacific,Hong Kong,649,100
47.243.93.216,2508,2508,TRUE,HKG,Asia Pacific,Hong Kong,650,100
47.243.112.27,34237,34237,TRUE,HKG,Asia Pacific,Hong Kong,651,100
8.218.136.25,2053,2053,TRUE,HKG,Asia Pacific,Hong Kong,652,100
8.218.181.189,2053,2053,TRUE,HKG,Asia Pacific,Hong Kong,653,100
8.218.25.74,10007,10007,TRUE,HKG,Asia Pacific,Hong Kong,654,100
43.155.117.16,2443,2443,TRUE,HKG,Asia Pacific,Hong Kong,655,100
8.212.22.4,443,443,TRUE,HKG,Asia Pacific,Hong Kong,656,100
8.218.36.158,34237,34237,TRUE,HKG,Asia Pacific,Hong Kong,657,100
203.25.119.97,443,443,TRUE,HKG,Asia Pacific,Hong Kong,658,100
8.218.226.126,443,443,TRUE,HKG,Asia Pacific,Hong Kong,659,100
47.242.149.43,13380,13380,TRUE,HKG,Asia Pacific,Hong Kong,660,100
47.242.150.95,2096,2096,TRUE,HKG,Asia Pacific,Hong Kong,661,100
8.218.110.180,2053,2053,TRUE,HKG,Asia Pacific,Hong Kong,662,100
47.244.255.95,8449,8449,TRUE,HKG,Asia Pacific,Hong Kong,663,100
8.218.34.228,34237,34237,TRUE,HKG,Asia Pacific,Hong Kong,664,100
61.92.171.170,11007,11007,TRUE,HKG,Asia Pacific,Hong Kong,665,100
8.210.145.2,34237,34237,TRUE,HKG,Asia Pacific,Hong Kong,666,100
18.163.46.194,2053,2053,TRUE,HKG,Asia Pacific,Hong Kong,667,100
8.218.42.123,34237,34237,TRUE,HKG,Asia Pacific,Hong Kong,668,100
61.92.171.170,32758,32758,TRUE,HKG,Asia Pacific,Hong Kong,669,100
8.218.3.12,8443,8443,TRUE,HKG,Asia Pacific,Hong Kong,670,100
216.118.228.115,443,443,TRUE,HKG,Asia Pacific,Hong Kong,671,100
18.162.40.255,443,443,TRUE,HKG,Asia Pacific,Hong Kong,672,100
47.240.123.85,20002,20002,TRUE,HKG,Asia Pacific,Hong Kong,673,100
161.81.76.135,10270,10270,TRUE,HKG,Asia Pacific,Hong Kong,674,100
47.240.123.85,20004,20004,TRUE,HKG,Asia Pacific,Hong Kong,675,100
8.218.3.12,2096,2096,TRUE,HKG,Asia Pacific,Hong Kong,676,100
103.118.42.106,10040,10040,TRUE,HKG,Asia Pacific,Hong Kong,677,100
8.218.105.223,2096,2096,TRUE,HKG,Asia Pacific,Hong Kong,678,100
103.215.80.51,2053,2053,TRUE,HKG,Asia Pacific,Hong Kong,679,100
123.1.199.135,8443,8443,TRUE,HKG,Asia Pacific,Hong Kong,680,100
8.218.105.223,2053,2053,TRUE,HKG,Asia Pacific,Hong Kong,681,100
210.3.159.162,46001,46001,TRUE,HKG,Asia Pacific,Hong Kong,682,100
8.210.252.139,34237,34237,TRUE,HKG,Asia Pacific,Hong Kong,683,100
8.218.105.223,8443,8443,TRUE,HKG,Asia Pacific,Hong Kong,684,100
8.218.142.253,8443,8443,TRUE,HKG,Asia Pacific,Hong Kong,685,100
8.218.149.193,2053,2053,TRUE,HKG,Asia Pacific,Hong Kong,686,100
43.198.90.113,443,443,TRUE,HKG,Asia Pacific,Hong Kong,687,100
47.243.118.63,443,443,TRUE,HKG,Asia Pacific,Hong Kong,688,100
103.200.112.108,443,443,TRUE,HKG,Asia Pacific,Hong Kong,689,100
27.126.206.62,443,443,TRUE,HKG,Asia Pacific,Hong Kong,690,100
38.147.174.195,10005,10005,TRUE,HKG,Asia Pacific,Hong Kong,691,100
8.218.110.180,2096,2096,TRUE,HKG,Asia Pacific,Hong Kong,692,100
8.218.142.253,2096,2096,TRUE,HKG,Asia Pacific,Hong Kong,693,100
8.217.147.230,2096,2096,TRUE,HKG,Asia Pacific,Hong Kong,694,100
154.206.239.239,34237,34237,TRUE,HKG,Asia Pacific,Hong Kong,695,100
8.218.149.193,8443,8443,TRUE,HKG,Asia Pacific,Hong Kong,696,100
8.218.143.10,2083,2083,TRUE,HKG,Asia Pacific,Hong Kong,697,100
47.243.162.49,2087,2087,TRUE,HKG,Asia Pacific,Hong Kong,698,100
8.218.29.203,34237,34237,TRUE,HKG,Asia Pacific,Hong Kong,699,100
206.237.21.250,443,443,TRUE,HKG,Asia Pacific,Hong Kong,700,100
8.218.143.10,2087,2087,TRUE,HKG,Asia Pacific,Hong Kong,701,100
8.218.136.25,2096,2096,TRUE,HKG,Asia Pacific,Hong Kong,702,100
61.239.212.21,8443,8443,TRUE,HKG,Asia Pacific,Hong Kong,703,100
199.15.76.38,442,442,TRUE,HKG,Asia Pacific,Hong Kong,704,100
8.218.149.193,443,443,TRUE,HKG,Asia Pacific,Hong Kong,705,100
199.15.76.46,442,442,TRUE,HKG,Asia Pacific,Hong Kong,706,100
47.242.155.183,8443,8443,TRUE,HKG,Asia Pacific,Hong Kong,707,100
47.240.123.85,20010,20010,TRUE,HKG,Asia Pacific,Hong Kong,708,100
8.218.119.115,2096,2096,TRUE,HKG,Asia Pacific,Hong Kong,709,100
103.118.41.219,443,443,TRUE,HKG,Asia Pacific,Hong Kong,710,100
206.237.21.250,11417,11417,TRUE,HKG,Asia Pacific,Hong Kong,711,100
172.93.165.228,443,443,TRUE,HKG,Asia Pacific,Hong Kong,712,100
8.218.136.25,8443,8443,TRUE,HKG,Asia Pacific,Hong Kong,713,100
43.249.83.151,34237,34237,TRUE,HKG,Asia Pacific,Hong Kong,714,100
47.243.62.196,7443,7443,TRUE,HKG,Asia Pacific,Hong Kong,715,100
101.78.165.167,12313,12313,TRUE,HKG,Asia Pacific,Hong Kong,716,100
8.218.149.193,2087,2087,TRUE,HKG,Asia Pacific,Hong Kong,717,100
47.242.174.27,2096,2096,TRUE,HKG,Asia Pacific,Hong Kong,718,100
47.242.155.183,2087,2087,TRUE,HKG,Asia Pacific,Hong Kong,719,100
103.118.40.22,8443,8443,TRUE,HKG,Asia Pacific,Hong Kong,720,100
8.218.181.189,2083,2083,TRUE,HKG,Asia Pacific,Hong Kong,721,100
8.218.3.12,2053,2053,TRUE,HKG,Asia Pacific,Hong Kong,722,100
8.218.181.189,2087,2087,TRUE,HKG,Asia Pacific,Hong Kong,723,100
38.147.174.195,10004,10004,TRUE,HKG,Asia Pacific,Hong Kong,724,100
8.210.250.120,2053,2053,TRUE,HKG,Asia Pacific,Hong Kong,725,100
47.243.70.197,2096,2096,TRUE,HKG,Asia Pacific,Hong Kong,726,100
221.127.82.87,12399,12399,TRUE,HKG,Asia Pacific,Hong Kong,727,100
8.218.127.249,8443,8443,TRUE,HKG,Asia Pacific,Hong Kong,728,100
8.210.151.69,2053,2053,TRUE,HKG,Asia Pacific,Hong Kong,729,100
8.210.151.69,2083,2083,TRUE,HKG,Asia Pacific,Hong Kong,730,100
47.240.123.85,20001,20001,TRUE,HKG,Asia Pacific,Hong Kong,731,100
8.218.142.253,2053,2053,TRUE,HKG,Asia Pacific,Hong Kong,732,100
167.179.32.53,443,443,TRUE,HKG,Asia Pacific,Hong Kong,733,100
216.118.228.114,443,443,TRUE,HKG,Asia Pacific,Hong Kong,734,100
47.242.174.27,2083,2083,TRUE,HKG,Asia Pacific,Hong Kong,735,100
47.242.174.27,8443,8443,TRUE,HKG,Asia Pacific,Hong Kong,736,100
47.243.70.197,8443,8443,TRUE,HKG,Asia Pacific,Hong Kong,737,100
8.218.149.193,2083,2083,TRUE,HKG,Asia Pacific,Hong Kong,738,100
47.243.162.49,2083,2083,TRUE,HKG,Asia Pacific,Hong Kong,739,100
8.218.105.223,2087,2087,TRUE,HKG,Asia Pacific,Hong Kong,740,100
8.210.117.18,443,443,TRUE,HKG,Asia Pacific,Hong Kong,741,100
8.218.127.249,2083,2083,TRUE,HKG,Asia Pacific,Hong Kong,742,100
8.218.143.10,2096,2096,TRUE,HKG,Asia Pacific,Hong Kong,743,100
8.210.250.120,2096,2096,TRUE,HKG,Asia Pacific,Hong Kong,744,100
8.218.143.10,2053,2053,TRUE,HKG,Asia Pacific,Hong Kong,745,100
8.210.55.134,8443,8443,TRUE,HKG,Asia Pacific,Hong Kong,746,100
47.240.123.85,20009,20009,TRUE,HKG,Asia Pacific,Hong Kong,747,100
8.210.55.134,2083,2083,TRUE,HKG,Asia Pacific,Hong Kong,748,100
47.242.174.27,2053,2053,TRUE,HKG,Asia Pacific,Hong Kong,749,100
8.218.119.115,2083,2083,TRUE,HKG,Asia Pacific,Hong Kong,750,100
8.210.250.120,8443,8443,TRUE,HKG,Asia Pacific,Hong Kong,751,100
199.15.77.208,30003,30003,TRUE,HKG,Asia Pacific,Hong Kong,752,100
8.210.151.69,2096,2096,TRUE,HKG,Asia Pacific,Hong Kong,753,100
8.217.147.230,2087,2087,TRUE,HKG,Asia Pacific,Hong Kong,754,100
47.243.161.235,443,443,TRUE,HKG,Asia Pacific,Hong Kong,755,100
103.118.42.106,10036,10036,TRUE,HKG,Asia Pacific,Hong Kong,756,100
47.243.162.49,2096,2096,TRUE,HKG,Asia Pacific,Hong Kong,757,100
47.243.161.235,2053,2053,TRUE,HKG,Asia Pacific,Hong Kong,758,100
8.218.110.180,2083,2083,TRUE,HKG,Asia Pacific,Hong Kong,759,100
8.218.110.180,8443,8443,TRUE,HKG,Asia Pacific,Hong Kong,760,100
8.218.156.91,2087,2087,TRUE,HKG,Asia Pacific,Hong Kong,761,100
8.217.147.230,8443,8443,TRUE,HKG,Asia Pacific,Hong Kong,762,100
8.218.143.10,8443,8443,TRUE,HKG,Asia Pacific,Hong Kong,763,100
47.243.179.249,2053,2053,TRUE,HKG,Asia Pacific,Hong Kong,764,100
199.15.77.208,18046,18046,TRUE,HKG,Asia Pacific,Hong Kong,765,100
8.210.117.18,8443,8443,TRUE,HKG,Asia Pacific,Hong Kong,766,100
47.243.161.235,2087,2087,TRUE,HKG,Asia Pacific,Hong Kong,767,100
8.210.117.18,2087,2087,TRUE,HKG,Asia Pacific,Hong Kong,768,100
47.240.15.210,4434,4434,TRUE,HKG,Asia Pacific,Hong Kong,769,100
47.243.179.249,2096,2096,TRUE,HKG,Asia Pacific,Hong Kong,770,100
8.218.119.115,2087,2087,TRUE,HKG,Asia Pacific,Hong Kong,771,100
47.57.187.232,17000,17000,TRUE,HKG,Asia Pacific,Hong Kong,772,100
103.116.245.9,443,443,TRUE,HKG,Asia Pacific,Hong Kong,773,100
8.210.55.134,2087,2087,TRUE,HKG,Asia Pacific,Hong Kong,774,100
47.243.70.197,2083,2083,TRUE,HKG,Asia Pacific,Hong Kong,775,100
8.210.117.18,2083,2083,TRUE,HKG,Asia Pacific,Hong Kong,776,100
45.78.23.3,443,443,TRUE,HKG,Asia Pacific,Hong Kong,777,100
8.210.117.18,2053,2053,TRUE,HKG,Asia Pacific,Hong Kong,778,100
47.243.179.249,443,443,TRUE,HKG,Asia Pacific,Hong Kong,779,100
47.243.70.197,2087,2087,TRUE,HKG,Asia Pacific,Hong Kong,780,100
8.218.119.115,2053,2053,TRUE,HKG,Asia Pacific,Hong Kong,781,100
47.243.86.79,8443,8443,TRUE,HKG,Asia Pacific,Hong Kong,782,100
8.218.181.189,8443,8443,TRUE,HKG,Asia Pacific,Hong Kong,783,100
185.224.171.102,443,443,TRUE,HKG,Asia Pacific,Hong Kong,784,100
223.122.127.194,21277,21277,TRUE,HKG,Asia Pacific,Hong Kong,785,100
47.243.161.235,2096,2096,TRUE,HKG,Asia Pacific,Hong Kong,786,100
8.218.156.91,443,443,TRUE,HKG,Asia Pacific,Hong Kong,787,100
8.210.55.134,2053,2053,TRUE,HKG,Asia Pacific,Hong Kong,788,100
47.243.179.249,8443,8443,TRUE,HKG,Asia Pacific,Hong Kong,789,100
8.218.156.91,2083,2083,TRUE,HKG,Asia Pacific,Hong Kong,790,100
8.218.127.249,2087,2087,TRUE,HKG,Asia Pacific,Hong Kong,791,100
47.243.179.249,2083,2083,TRUE,HKG,Asia Pacific,Hong Kong,792,100
8.218.110.180,2087,2087,TRUE,HKG,Asia Pacific,Hong Kong,793,100
47.243.86.79,2096,2096,TRUE,HKG,Asia Pacific,Hong Kong,794,100
8.218.119.115,8443,8443,TRUE,HKG,Asia Pacific,Hong Kong,795,100
47.243.161.235,8443,8443,TRUE,HKG,Asia Pacific,Hong Kong,796,100
38.181.76.105,443,443,TRUE,HKG,Asia Pacific,Hong Kong,797,100
199.15.76.36,442,442,TRUE,HKG,Asia Pacific,Hong Kong,798,100
199.15.76.43,442,442,TRUE,HKG,Asia Pacific,Hong Kong,799,100
94.103.5.169,10010,10010,TRUE,HKG,Asia Pacific,Hong Kong,800,100
47.57.245.232,443,443,TRUE,HKG,Asia Pacific,Hong Kong,801,100
47.243.179.249,2087,2087,TRUE,HKG,Asia Pacific,Hong Kong,802,100
2.58.65.189,80,80,TRUE,HKG,Asia Pacific,Hong Kong,803,100
199.15.76.40,442,442,TRUE,HKG,Asia Pacific,Hong Kong,804,100
199.15.76.41,442,442,TRUE,HKG,Asia Pacific,Hong Kong,805,100
8.218.136.25,2087,2087,TRUE,HKG,Asia Pacific,Hong Kong,806,100
47.57.233.126,443,443,TRUE,HKG,Asia Pacific,Hong Kong,807,100
218.103.244.171,50005,50005,TRUE,HKG,Asia Pacific,Hong Kong,808,100
8.218.119.115,443,443,TRUE,HKG,Asia Pacific,Hong Kong,809,100
47.243.86.79,2087,2087,TRUE,HKG,Asia Pacific,Hong Kong,810,100
47.242.174.27,2087,2087,TRUE,HKG,Asia Pacific,Hong Kong,811,100
42.200.173.86,23115,23115,TRUE,HKG,Asia Pacific,Hong Kong,812,100
58.152.72.240,11101,11101,TRUE,HKG,Asia Pacific,Hong Kong,813,100
47.243.86.79,2083,2083,TRUE,HKG,Asia Pacific,Hong Kong,814,100
20.187.105.126,9119,9119,TRUE,HKG,Asia Pacific,Hong Kong,815,100
202.81.231.150,443,443,TRUE,HKG,Asia Pacific,Hong Kong,816,100
185.224.171.147,443,443,TRUE,HKG,Asia Pacific,Hong Kong,817,100
185.224.171.150,443,443,TRUE,HKG,Asia Pacific,Hong Kong,818,100
185.224.171.149,443,443,TRUE,HKG,Asia Pacific,Hong Kong,819,100
185.224.171.146,443,443,TRUE,HKG,Asia Pacific,Hong Kong,820,100
185.224.171.148,443,443,TRUE,HKG,Asia Pacific,Hong Kong,821,100
45.207.55.92,7443,7443,TRUE,HKG,Asia Pacific,Hong Kong,822,100
156.251.176.123,6789,6789,TRUE,HKG,Asia Pacific,Hong Kong,823,100
156.251.176.123,9876,9876,TRUE,HKG,Asia Pacific,Hong Kong,824,100
152.32.239.228,443,443,TRUE,HKG,Asia Pacific,Hong Kong,825,100
152.32.211.127,443,443,TRUE,HKG,Asia Pacific,Hong Kong,826,100
152.32.130.241,443,443,TRUE,HKG,Asia Pacific,Hong Kong,827,100
221.127.15.96,16134,16134,TRUE,HKG,Asia Pacific,Hong Kong,828,100
221.124.86.28,25678,25678,TRUE,HKG,Asia Pacific,Hong Kong,829,100
221.127.15.96,26060,26060,TRUE,HKG,Asia Pacific,Hong Kong,830,100
221.127.15.96,20110,20110,TRUE,HKG,Asia Pacific,Hong Kong,831,100
223.17.103.181,16977,16977,TRUE,HKG,Asia Pacific,Hong Kong,832,100
223.19.10.176,19691,19691,TRUE,HKG,Asia Pacific,Hong Kong,833,100
221.127.15.96,15539,15539,TRUE,HKG,Asia Pacific,Hong Kong,834,100
223.17.103.181,15043,15043,TRUE,HKG,Asia Pacific,Hong Kong,835,100
223.17.103.181,33907,33907,TRUE,HKG,Asia Pacific,Hong Kong,836,100
113.254.214.145,11091,11091,TRUE,HKG,Asia Pacific,Hong Kong,837,100
114.214.202.50,8443,8443,TRUE,HKG,Asia Pacific,Hong Kong,838,100
114.214.202.50,8443,8443,TRUE,HKG,Asia Pacific,Hong Kong,839,100
154.3.38.140,22388,22388,TRUE,HKG,Asia Pacific,Hong Kong,840,100
156.251.180.54,43,43,TRUE,HKG,Asia Pacific,Hong Kong,841,100
103.148.72.147,1443,1443,TRUE,HKG,Asia Pacific,Hong Kong,842,100
103.20.222.201,42293,42293,TRUE,HKG,Asia Pacific,Hong Kong,843,100
103.103.245.239,15756,15756,TRUE,HKG,Asia Pacific,Hong Kong,844,100
103.235.18.200,10060,10060,TRUE,HKG,Asia Pacific,Hong Kong,845,100
71.136.119.200,50001,50001,TRUE,HKG,Asia Pacific,Hong Kong,846,100
103.148.72.116,20443,20443,TRUE,HKG,Asia Pacific,Hong Kong,847,100
103.20.222.181,53335,53335,TRUE,HKG,Asia Pacific,Hong Kong,848,100
103.20.223.4,57101,57101,TRUE,HKG,Asia Pacific,Hong Kong,849,100
8.210.4.52,10245,10245,TRUE,HKG,Asia Pacific,Hong Kong,850,100
149.129.101.83,17385,17385,TRUE,HKG,Asia Pacific,Hong Kong,851,100
47.242.207.216,446,446,TRUE,HKG,Asia Pacific,Hong Kong,852,100
199.15.76.35,443,443,TRUE,HKG,Asia Pacific,Hong Kong,853,100
43.154.34.74,1935,1935,TRUE,HKG,Asia Pacific,Hong Kong,854,100
47.90.124.48,10443,10443,TRUE,HKG,Asia Pacific,Hong Kong,855,100
103.235.18.251,10005,10005,TRUE,HKG,Asia Pacific,Hong Kong,856,100
